<?xml version="1.0" encoding="UTF-8"?>
<project-private xmlns="http://www.netbeans.org/ns/project-private/1">
    <editor-bookmarks xmlns="http://www.netbeans.org/ns/editor-bookmarks/2" lastBookmarkId="0"/>
    <open-files xmlns="http://www.netbeans.org/ns/projectui-open-files/2">
        <group>
            <file>file:/C:/Users/sithi/Documents/NetBeansProjects/Table/src/Interfaces/Subjects.java</file>
            <file>file:/C:/Users/sithi/Documents/NetBeansProjects/Table/src/Interfaces/Menu.java</file>
            <file>file:/C:/Users/sithi/Documents/NetBeansProjects/Table/src/Interfaces/Sessions.java</file>
            <file>file:/C:/Users/sithi/Documents/NetBeansProjects/Table/src/Interfaces/Statistics.java</file>
            <file>file:/C:/Users/sithi/Documents/NetBeansProjects/Table/src/Interfaces/AddLocation.java</file>
            <file>file:/C:/Users/sithi/Documents/NetBeansProjects/Table/src/Interfaces/SubjectTags.java</file>
            <file>file:/C:/Users/sithi/Documents/NetBeansProjects/Table/src/Interfaces/Groups.java</file>
            <file>file:/C:/Users/sithi/Documents/NetBeansProjects/Table/src/Interfaces/ManageLocation.java</file>
            <file>file:/C:/Users/sithi/Documents/NetBeansProjects/Table/src/Interfaces/Lecturers.java</file>
        </group>
    </open-files>
</project-private>
